{"P1": {"x": 120, "y": 350, "prj": [], "dir": "right", "rifleAngle": 0}, "P2": {"x": 840, "y": 220, "prj": [], "dir": "left", "rifleAngle": 3}, "mappa": {"O1": {"x": 150, "y": 125, "w": 82, "h": 88}, "O2": {"x": 480, "y": 250, "w": 82, "h": 88}, "O3": {"x": 700, "y": 100, "w": 82, "h": 88}, "O4": {"x": 780, "y": 330, "w": 82, "h": 88}, "O5": {"x": 250, "y": 360, "w": 82, "h": 88}, "O6": {"x": 400, "y": 100, "w": 32, "h": 56}, "O7": {"x": 335, "y": 150, "w": 70, "h": 32}, "O8": {"x": 605, "y": 380, "w": 32, "h": 56}, "O9": {"x": 628, "y": 352, "w": 70, "h": 32}, "O10": {"x": 300, "y": 260, "w": 40, "h": 32}, "O11": {"x": 550, "y": 150, "w": 40, "h": 32}, "O12": {"x": 440, "y": 400, "w": 40, "h": 32}, "O13": {"x": 357, "y": 108, "w": 36, "h": 36}, "O14": {"x": 643, "y": 389, "w": 36, "h": 36}}}